"OrderDate","CustomerName","ContactName","City","Country","PostalCode","ProductName","CategoryName","Price","Quantity","total_spent","employee"
"1996-10-01","Island Trading","Helen Bennett","Cowes","UK","PO31 7PJ","Jack's New England Clam Chowder","Seafood","9.65","20","193","Laura Callahan"
"1996-10-01","Island Trading","Helen Bennett","Cowes","UK","PO31 7PJ","Lakkalikööri","Beverages","18","6","108","Laura Callahan"
"1996-10-02","Tortuga Restaurante","Miguel Angel Paolino","México D.F.","Mexico","5033","Alice Mutton","Meat/Poultry","39","8","312","Robert King"
"1996-10-02","Tortuga Restaurante","Miguel Angel Paolino","México D.F.","Mexico","5033","Rössle Sauerkraut","Produce","45.6","14","638.4","Robert King"
"1996-10-02","Tortuga Restaurante","Miguel Angel Paolino","México D.F.","Mexico","5033","Lakkalikööri","Beverages","18","30","540","Robert King"
"1996-10-03","Wartian Herkku","Pirkko Koskitalo","Oulu","Finland","90110","Fløtemysost","Dairy Products","21.5","30","645","Steven Buchanan"
"1996-10-03","Island Trading","Helen Bennett","Cowes","UK","PO31 7PJ","Steeleye Stout","Beverages","18","10","180","Janet Leverling"
"1996-10-04","Pericles Comidas clásicas","Guillermo Fernández","México D.F.","Mexico","5033","Filo Mix","Grains/Cereals","7","20","140","Robert King"
"1996-10-07","Königlich Essen","Philip Cramer","Brandenburg","Germany","14776","Genen Shouyu","Condiments","15.5","5","77.5","Margaret Peacock"
"1996-10-07","Königlich Essen","Philip Cramer","Brandenburg","Germany","14776","NuNuCa Nuß-Nougat-Creme","Confections","14","4","56","Margaret Peacock"
"1996-10-07","Königlich Essen","Philip Cramer","Brandenburg","Germany","14776","Chartreuse verte","Beverages","18","4","72","Margaret Peacock"
"1996-10-08","Save-a-lot Markets","Jose Pavarotti","Boise","USA","83720","Pavlova","Confections","17.45","21","366.45","Anne Dodsworth"
"1996-10-08","Save-a-lot Markets","Jose Pavarotti","Boise","USA","83720","Steeleye Stout","Beverages","18","70","1260","Anne Dodsworth"
"1996-10-08","Save-a-lot Markets","Jose Pavarotti","Boise","USA","83720","Spegesild","Seafood","12","30","360","Anne Dodsworth"
"1996-10-08","Save-a-lot Markets","Jose Pavarotti","Boise","USA","83720","Raclette Courdavault","Dairy Products","55","40","2200","Anne Dodsworth"
"1996-10-08","Save-a-lot Markets","Jose Pavarotti","Boise","USA","83720","Vegie-spread","Condiments","43.9","80","3512","Anne Dodsworth"
"1996-10-09","Königlich Essen","Philip Cramer","Brandenburg","Germany","14776","Grandma's Boysenberry Spread","Condiments","25","6","150","Nancy Davolio"
"1996-10-09","Königlich Essen","Philip Cramer","Brandenburg","Germany","14776","Konbu","Seafood","6","12","72","Nancy Davolio"
"1996-10-09","Königlich Essen","Philip Cramer","Brandenburg","Germany","14776","Tofu","Produce","23.25","9","209.25","Nancy Davolio"
"1996-10-09","Königlich Essen","Philip Cramer","Brandenburg","Germany","14776","Gorgonzola Telino","Dairy Products","12.5","4","50","Nancy Davolio"
"1996-10-09","Königlich Essen","Philip Cramer","Brandenburg","Germany","14776","Mozzarella di Giovanni","Dairy Products","34.8","40","1392","Nancy Davolio"
"1996-10-10","Bólido Comidas preparadas","Martín Sommer","Madrid","Spain","28023","Chef Anton's Cajun Seasoning","Condiments","22","24","528","Margaret Peacock"
"1996-10-10","Bólido Comidas preparadas","Martín Sommer","Madrid","Spain","28023","Ravioli Angelo","Grains/Cereals","19.5","16","312","Margaret Peacock"
"1996-10-10","Bólido Comidas preparadas","Martín Sommer","Madrid","Spain","28023","Rhönbräu Klosterbier","Beverages","7.75","50","387.5","Margaret Peacock"
"1996-10-11","Folk och fä HB","Maria Larsson","Bräcke","Sweden","S-844 67","Chang","Beverages","19","25","475","Andrew Fuller"
"1996-10-11","Folk och fä HB","Maria Larsson","Bräcke","Sweden","S-844 67","Queso Cabrales","Dairy Products","21","50","1050","Andrew Fuller"
"1996-10-11","Folk och fä HB","Maria Larsson","Bräcke","Sweden","S-844 67","Nord-Ost Matjeshering","Seafood","25.89","35","906.15","Andrew Fuller"
"1996-10-11","Folk och fä HB","Maria Larsson","Bräcke","Sweden","S-844 67","Escargots de Bourgogne","Seafood","13.25","30","397.5","Andrew Fuller"
"1996-10-14","Furia Bacalhau e Frutos do Mar","Lino Rodriguez","Lisboa","Portugal","1675","Raclette Courdavault","Dairy Products","55","9","495","Margaret Peacock"
"1996-10-14","Furia Bacalhau e Frutos do Mar","Lino Rodriguez","Lisboa","Portugal","1675","Louisiana Fiery Hot Pepper Sauce","Condiments","21.05","40","842","Margaret Peacock"
"1996-10-14","Furia Bacalhau e Frutos do Mar","Lino Rodriguez","Lisboa","Portugal","1675","Scottish Longbreads","Confections","12.5","10","125","Margaret Peacock"
"1996-10-15","Split Rail Beer & Ale","Art Braunschweiger","Lander","USA","82520","Teatime Chocolate Biscuits","Confections","9.2","10","92","Margaret Peacock"
"1996-10-15","Split Rail Beer & Ale","Art Braunschweiger","Lander","USA","82520","Nord-Ost Matjeshering","Seafood","25.89","8","207.12","Margaret Peacock"
"1996-10-15","Split Rail Beer & Ale","Art Braunschweiger","Lander","USA","82520","Côte de Blaye","Beverages","263.5","20","5270","Margaret Peacock"
"1996-10-15","Split Rail Beer & Ale","Art Braunschweiger","Lander","USA","82520","Gnocchi di nonna Alice","Grains/Cereals","38","12","456","Margaret Peacock"
"1996-10-16","LILA-Supermercado","Carlos González","Barquisimeto","Venezuela","3508","Gumbär Gummibärchen","Confections","31.23","50","1561.5","Janet Leverling"
"1996-10-16","LILA-Supermercado","Carlos González","Barquisimeto","Venezuela","3508","Mozzarella di Giovanni","Dairy Products","34.8","25","869.9999999999999","Janet Leverling"
"1996-10-16","Bon app''","Laurence Lebihans","Marseille","France","13008","Tourtière","Meat/Poultry","7.45","15","111.75","Anne Dodsworth"
"1996-10-17","Mère Paillarde","Jean Fresnière","Montréal","Canada","H1J 1C3","Carnarvon Tigers","Seafood","62.5","40","2500","Janet Leverling"
"1996-10-17","Mère Paillarde","Jean Fresnière","Montréal","Canada","H1J 1C3","Singaporean Hokkien Fried Mee","Grains/Cereals","14","10","140","Janet Leverling"
"1996-10-17","Mère Paillarde","Jean Fresnière","Montréal","Canada","H1J 1C3","Zaanse koeken","Confections","9.5","16","152","Janet Leverling"
"1996-10-18","Wartian Herkku","Pirkko Koskitalo","Oulu","Finland","90110","Tofu","Produce","23.25","10","232.5","Steven Buchanan"
"1996-10-18","Wartian Herkku","Pirkko Koskitalo","Oulu","Finland","90110","Sir Rodney's Scones","Confections","10","10","100","Steven Buchanan"
"1996-10-18","Wartian Herkku","Pirkko Koskitalo","Oulu","Finland","90110","Fløtemysost","Dairy Products","21.5","40","860","Steven Buchanan"
"1996-10-21","Victuailles en stock","Mary Saveley","Lyon","France","69004","Filo Mix","Grains/Cereals","7","8","56","Laura Callahan"
"1996-10-21","Victuailles en stock","Mary Saveley","Lyon","France","69004","Scottish Longbreads","Confections","12.5","10","125","Laura Callahan"
"1996-10-22","Hungry Owl All-Night Grocers","Patricia McKenna","Cork","Ireland","","Chang","Beverages","19","7","133","Robert King"
"1996-10-22","Hungry Owl All-Night Grocers","Patricia McKenna","Cork","Ireland","","Gorgonzola Telino","Dairy Products","12.5","25","312.5","Robert King"
"1996-10-22","Hungry Owl All-Night Grocers","Patricia McKenna","Cork","Ireland","","Mascarpone Fabioli","Dairy Products","32","6","192","Robert King"
"1996-10-22","Hungry Owl All-Night Grocers","Patricia McKenna","Cork","Ireland","","Manjimup Dried Apples","Produce","53","48","2544","Robert King"
"1996-10-23","Princesa Isabel Vinhoss","Isabel de Castro","Lisboa","Portugal","1756","Chef Anton's Cajun Seasoning","Condiments","22","18","396","Robert King"
"1996-10-24","Frankenversand","Peter Franken","München","Germany","80805","Tunnbröd","Grains/Cereals","9","40","360","Margaret Peacock"
"1996-10-24","Frankenversand","Peter Franken","München","Germany","80805","Gumbär Gummibärchen","Confections","31.23","24","749.52","Margaret Peacock"
"1996-10-24","Frankenversand","Peter Franken","München","Germany","80805","Inlagd Sill","Seafood","19","20","380","Margaret Peacock"
"1996-10-24","Frankenversand","Peter Franken","München","Germany","80805","Gravad lax","Seafood","26","28","728","Margaret Peacock"
"1996-10-24","Frankenversand","Peter Franken","München","Germany","80805","Mozzarella di Giovanni","Dairy Products","34.8","25","869.9999999999999","Margaret Peacock"
"1996-10-25","Old World Delicatessen","Rene Phillips","Anchorage","USA","99508","Alice Mutton","Meat/Poultry","39","20","780","Margaret Peacock"
"1996-10-25","Old World Delicatessen","Rene Phillips","Anchorage","USA","99508","Nord-Ost Matjeshering","Seafood","25.89","15","388.35","Margaret Peacock"
"1996-10-28","Mère Paillarde","Jean Fresnière","Montréal","Canada","H1J 1C3","Chef Anton's Cajun Seasoning","Condiments","22","10","220","Andrew Fuller"
"1996-10-28","Mère Paillarde","Jean Fresnière","Montréal","Canada","H1J 1C3","Alice Mutton","Meat/Poultry","39","70","2730","Andrew Fuller"
"1996-10-28","Mère Paillarde","Jean Fresnière","Montréal","Canada","H1J 1C3","Tarte au sucre","Confections","49.3","28","1380.3999999999999","Andrew Fuller"
"1996-10-29","Bon app''","Laurence Lebihans","Marseille","France","13008","Carnarvon Tigers","Seafood","62.5","20","1250","Nancy Davolio"
"1996-10-29","Bon app''","Laurence Lebihans","Marseille","France","13008","Jack's New England Clam Chowder","Seafood","9.65","12","115.80000000000001","Nancy Davolio"
"1996-10-29","Bon app''","Laurence Lebihans","Marseille","France","13008","Ipoh Coffee","Beverages","46","40","1840","Nancy Davolio"
"1996-10-29","Simons bistro","Jytte Petersen","København","Denmark","1734","Geitost","Dairy Products","2.5","8","20","Robert King"
"1996-10-29","Simons bistro","Jytte Petersen","København","Denmark","1734","Raclette Courdavault","Dairy Products","55","9","495","Robert King"
"1996-10-30","Frankenversand","Peter Franken","München","Germany","80805","Chang","Beverages","19","24","456","Margaret Peacock"
"1996-10-30","Frankenversand","Peter Franken","München","Germany","80805","Gorgonzola Telino","Dairy Products","12.5","56","700","Margaret Peacock"
"1996-10-30","Frankenversand","Peter Franken","München","Germany","80805","Inlagd Sill","Seafood","19","40","760","Margaret Peacock"
"1996-10-30","Frankenversand","Peter Franken","München","Germany","80805","Pâté chinois","Meat/Poultry","24","40","960","Margaret Peacock"
"1996-10-31","Lehmanns Marktstand","Renate Messner","Frankfurt a.M.","Germany","60528","Wimmers gute Semmelknödel","Grains/Cereals","33.25","50","1662.5","Margaret Peacock"
"1996-10-31","Lehmanns Marktstand","Renate Messner","Frankfurt a.M.","Germany","60528","Scottish Longbreads","Confections","12.5","4","50","Margaret Peacock"
"1996-10-31","Lehmanns Marktstand","Renate Messner","Frankfurt a.M.","Germany","60528","Lakkalikööri","Beverages","18","15","270","Margaret Peacock"
"1996-11-01","White Clover Markets","Karl Jablonski","Seattle","USA","98128","Chef Anton's Cajun Seasoning","Condiments","22","35","770","Margaret Peacock"
"1996-11-01","White Clover Markets","Karl Jablonski","Seattle","USA","98128","Northwoods Cranberry Sauce","Condiments","40","70","2800","Margaret Peacock"
"1996-11-04","QUICK-Stop","Horst Kloss","Cunewalde","Germany","1307","Northwoods Cranberry Sauce","Condiments","40","70","2800","Andrew Fuller"
"1996-11-04","QUICK-Stop","Horst Kloss","Cunewalde","Germany","1307","Teatime Chocolate Biscuits","Confections","9.2","80","736","Andrew Fuller"
"1996-11-04","QUICK-Stop","Horst Kloss","Cunewalde","Germany","1307","Singaporean Hokkien Fried Mee","Grains/Cereals","14","9","126","Andrew Fuller"
"1996-11-05","Rattlesnake Canyon Grocery","Paula Wilson","Albuquerque","USA","87110","Alice Mutton","Meat/Poultry","39","36","1404","Janet Leverling"
"1996-11-05","Rattlesnake Canyon Grocery","Paula Wilson","Albuquerque","USA","87110","Gnocchi di nonna Alice","Grains/Cereals","38","20","760","Janet Leverling"
"1996-11-06","Familia Arquibaldo","Aria Cruz","São Paulo","Brazil","05442-030","NuNuCa Nuß-Nougat-Creme","Confections","14","10","140","Margaret Peacock"
"1996-11-06","Familia Arquibaldo","Aria Cruz","São Paulo","Brazil","05442-030","Chartreuse verte","Beverages","18","50","900","Margaret Peacock"
"1996-11-06","Familia Arquibaldo","Aria Cruz","São Paulo","Brazil","05442-030","Boston Crab Meat","Seafood","18.4","4","73.6","Margaret Peacock"
"1996-11-06","Familia Arquibaldo","Aria Cruz","São Paulo","Brazil","05442-030","Rhönbräu Klosterbier","Beverages","7.75","6","46.5","Margaret Peacock"
"1996-11-07","Die Wandernde Kuh","Rita Müller","Stuttgart","Germany","70563","Chais","Beverages","18","15","270","Margaret Peacock"
"1996-11-07","Die Wandernde Kuh","Rita Müller","Stuttgart","Germany","70563","Tunnbröd","Grains/Cereals","9","25","225","Margaret Peacock"
"1996-11-08","Split Rail Beer & Ale","Art Braunschweiger","Lander","USA","82520","Tourtière","Meat/Poultry","7.45","24","178.8","Robert King"
"1996-11-11","La maison d''Asie","Annette Roulet","Toulouse","France","31000","Valkoinen suklaa","Confections","16.25","15","243.75","Michael Suyama"
"1996-11-11","La maison d''Asie","Annette Roulet","Toulouse","France","31000","Gudbrandsdalsost","Dairy Products","36","18","648","Michael Suyama"
"1996-11-11","Ernst Handel","Roland Mendel","Graz","Austria","8010","Côte de Blaye","Beverages","263.5","20","5270","Nancy Davolio"
"1996-11-11","Ernst Handel","Roland Mendel","Graz","Austria","8010","Jack's New England Clam Chowder","Seafood","9.65","13","125.45","Nancy Davolio"
"1996-11-11","Ernst Handel","Roland Mendel","Graz","Austria","8010","Gula Malacca","Condiments","19.45","77","1497.6499999999999","Nancy Davolio"
"1996-11-11","Ernst Handel","Roland Mendel","Graz","Austria","8010","Louisiana Fiery Hot Pepper Sauce","Condiments","21.05","10","210.5","Nancy Davolio"
"1996-11-12","Furia Bacalhau e Frutos do Mar","Lino Rodriguez","Lisboa","Portugal","1675","Guaraná Fantástica","Beverages","4.5","10","45","Janet Leverling"
"1996-11-12","Furia Bacalhau e Frutos do Mar","Lino Rodriguez","Lisboa","Portugal","1675","Tourtière","Meat/Poultry","7.45","20","149","Janet Leverling"
"1996-11-13","Piccolo und mehr","Georg Pipps","Salzburg","Austria","5020","Queso Cabrales","Dairy Products","21","12","252","Robert King"
"1996-11-13","Piccolo und mehr","Georg Pipps","Salzburg","Austria","5020","Côte de Blaye","Beverages","263.5","50","13175","Robert King"
"1996-11-14","Pericles Comidas clásicas","Guillermo Fernández","México D.F.","Mexico","5033","Chais","Beverages","18","12","216","Laura Callahan"
"1996-11-14","Pericles Comidas clásicas","Guillermo Fernández","México D.F.","Mexico","5033","Thüringer Rostbratwurst","Meat/Poultry","123.79","4","495.16","Laura Callahan"
"1996-11-15","Around the Horn","Thomas Hardy","London","UK","WA1 1DP","Guaraná Fantástica","Beverages","4.5","25","112.5","Michael Suyama"
"1996-11-15","Around the Horn","Thomas Hardy","London","UK","WA1 1DP","Ravioli Angelo","Grains/Cereals","19.5","25","487.5","Michael Suyama"
"1996-11-18","Die Wandernde Kuh","Rita Müller","Stuttgart","Germany","70563","Gorgonzola Telino","Dairy Products","12.5","30","375","Michael Suyama"
"1996-11-18","Die Wandernde Kuh","Rita Müller","Stuttgart","Germany","70563","Pâté chinois","Meat/Poultry","24","12","288","Michael Suyama"
"1996-11-18","Die Wandernde Kuh","Rita Müller","Stuttgart","Germany","70563","Gudbrandsdalsost","Dairy Products","36","20","720","Michael Suyama"
"1996-11-19","LILA-Supermercado","Carlos González","Barquisimeto","Venezuela","3508","Ikura","Seafood","31","30","930","Nancy Davolio"
"1996-11-19","LILA-Supermercado","Carlos González","Barquisimeto","Venezuela","3508","Gumbär Gummibärchen","Confections","31.23","16","499.68","Nancy Davolio"
"1996-11-19","LILA-Supermercado","Carlos González","Barquisimeto","Venezuela","3508","Camembert Pierrot","Dairy Products","34","8","272","Nancy Davolio"
"1996-11-20","La maison d''Asie","Annette Roulet","Toulouse","France","31000","Guaraná Fantástica","Beverages","4.5","10","45","Steven Buchanan"
"1996-11-20","La maison d''Asie","Annette Roulet","Toulouse","France","31000","Sasquatch Ale","Beverages","14","10","140","Steven Buchanan"
"1996-11-20","La maison d''Asie","Annette Roulet","Toulouse","France","31000","Inlagd Sill","Seafood","19","20","380","Steven Buchanan"
"1996-11-21","Seven Seas Imports","Hari Kumar","London","UK","OX15 4NB","Pavlova","Confections","17.45","56","977.1999999999999","Steven Buchanan"
"1996-11-21","Seven Seas Imports","Hari Kumar","London","UK","OX15 4NB","Gorgonzola Telino","Dairy Products","12.5","70","875","Steven Buchanan"
"1996-11-21","Seven Seas Imports","Hari Kumar","London","UK","OX15 4NB","Camembert Pierrot","Dairy Products","34","80","2720","Steven Buchanan"
"1996-11-22","Blondel père et fils","Frédérique Citeaux","Strasbourg","France","67000","Rössle Sauerkraut","Produce","45.6","30","1368","Margaret Peacock"
"1996-11-22","Blondel père et fils","Frédérique Citeaux","Strasbourg","France","67000","Thüringer Rostbratwurst","Meat/Poultry","123.79","35","4332.650000000001","Margaret Peacock"
"1996-11-22","Blondel père et fils","Frédérique Citeaux","Strasbourg","France","67000","Côte de Blaye","Beverages","263.5","10","2635","Margaret Peacock"
"1996-11-22","Blondel père et fils","Frédérique Citeaux","Strasbourg","France","67000","Maxilaku","Confections","20","35","700","Margaret Peacock"
"1996-11-22","Blondel père et fils","Frédérique Citeaux","Strasbourg","France","67000","Tourtière","Meat/Poultry","7.45","28","208.6","Margaret Peacock"
"1996-11-22","QUICK-Stop","Horst Kloss","Cunewalde","Germany","1307","Chartreuse verte","Beverages","18","54","972","Nancy Davolio"
"1996-11-22","QUICK-Stop","Horst Kloss","Cunewalde","Germany","1307","Camembert Pierrot","Dairy Products","34","55","1870","Nancy Davolio"
"1996-11-25","Bon app''","Laurence Lebihans","Marseille","France","13008","NuNuCa Nuß-Nougat-Creme","Confections","14","50","700","Janet Leverling"
"1996-11-25","Bon app''","Laurence Lebihans","Marseille","France","13008","Manjimup Dried Apples","Produce","53","20","1060","Janet Leverling"
"1996-11-25","Bon app''","Laurence Lebihans","Marseille","France","13008","Tourtière","Meat/Poultry","7.45","24","178.8","Janet Leverling"
"1996-11-26","Drachenblut Delikatessend","Sven Ottlieb","Aachen","Germany","52066","Gorgonzola Telino","Dairy Products","12.5","20","250","Margaret Peacock"
"1996-11-26","Drachenblut Delikatessend","Sven Ottlieb","Aachen","Germany","52066","Rhönbräu Klosterbier","Beverages","7.75","12","93","Margaret Peacock"
"1996-11-26","Drachenblut Delikatessend","Sven Ottlieb","Aachen","Germany","52066","Lakkalikööri","Beverages","18","12","216","Margaret Peacock"
"1996-11-26","Eastern Connection","Ann Devon","London","UK","WX3 6FW","Gudbrandsdalsost","Dairy Products","36","30","1080","Nancy Davolio"
"1996-11-26","Eastern Connection","Ann Devon","London","UK","WX3 6FW","Fløtemysost","Dairy Products","21.5","5","107.5","Nancy Davolio"
"1996-11-27","Antonio Moreno Taquería","Antonio Moreno","México D.F.","Mexico","5023","Queso Cabrales","Dairy Products","21","24","504","Janet Leverling"
"1996-11-28","Galería del gastrónomo","Eduardo Saavedra","Barcelona","Spain","8022","Louisiana Fiery Hot Pepper Sauce","Condiments","21.05","5","105.25","Laura Callahan"
"1996-11-28","Galería del gastrónomo","Eduardo Saavedra","Barcelona","Spain","8022","Original Frankfurter grüne Soße","Condiments","13","5","65","Laura Callahan"
"1996-11-28","Vaffeljernet","Palle Ibsen","Århus","Denmark","8200","Sasquatch Ale","Beverages","14","36","504","Robert King"
"1996-11-28","Vaffeljernet","Palle Ibsen","Århus","Denmark","8200","Tourtière","Meat/Poultry","7.45","18","134.1","Robert King"
"1996-11-28","Vaffeljernet","Palle Ibsen","Århus","Denmark","8200","Louisiana Fiery Hot Pepper Sauce","Condiments","21.05","15","315.75","Robert King"
"1996-11-28","Vaffeljernet","Palle Ibsen","Århus","Denmark","8200","Original Frankfurter grüne Soße","Condiments","13","7","91","Robert King"
"1996-11-29","Ernst Handel","Roland Mendel","Graz","Austria","8010","Sir Rodney's Scones","Confections","10","5","50","Andrew Fuller"
"1996-11-29","Ernst Handel","Roland Mendel","Graz","Austria","8010","Rössle Sauerkraut","Produce","45.6","13","592.8000000000001","Andrew Fuller"
"1996-11-29","Ernst Handel","Roland Mendel","Graz","Austria","8010","Ravioli Angelo","Grains/Cereals","19.5","25","487.5","Andrew Fuller"
"1996-11-29","Ernst Handel","Roland Mendel","Graz","Austria","8010","Wimmers gute Semmelknödel","Grains/Cereals","33.25","35","1163.75","Andrew Fuller"
"1996-12-02","Split Rail Beer & Ale","Art Braunschweiger","Lander","USA","82520","Thüringer Rostbratwurst","Meat/Poultry","123.79","20","2475.8","Laura Callahan"
"1996-12-02","Split Rail Beer & Ale","Art Braunschweiger","Lander","USA","82520","Gnocchi di nonna Alice","Grains/Cereals","38","18","684","Laura Callahan"
"1996-12-03","Chop-suey Chinese","Yang Wang","Bern","Switzerland","3012","Chais","Beverages","18","15","270","Michael Suyama"
"1996-12-03","Chop-suey Chinese","Yang Wang","Bern","Switzerland","3012","Wimmers gute Semmelknödel","Grains/Cereals","33.25","30","997.5","Michael Suyama"
"1996-12-03","Chop-suey Chinese","Yang Wang","Bern","Switzerland","3012","Longlife Tofu","Produce","10","20","200","Michael Suyama"
"1996-12-03","La maison d''Asie","Annette Roulet","Toulouse","France","31000","Inlagd Sill","Seafood","19","6","114","Nancy Davolio"
"1996-12-04","Queen Cozinha","Lúcia Carvalho","São Paulo","Brazil","05487-020","Sir Rodney's Marmalade","Confections","81","12","972","Steven Buchanan"
"1996-12-04","Queen Cozinha","Lúcia Carvalho","São Paulo","Brazil","05487-020","Côte de Blaye","Beverages","263.5","40","10540","Steven Buchanan"
"1996-12-04","Queen Cozinha","Lúcia Carvalho","São Paulo","Brazil","05487-020","Camembert Pierrot","Dairy Products","34","70","2380","Steven Buchanan"
"1996-12-04","Queen Cozinha","Lúcia Carvalho","São Paulo","Brazil","05487-020","Mozzarella di Giovanni","Dairy Products","34.8","42","1461.6","Steven Buchanan"
"1996-12-05","Hungry Owl All-Night Grocers","Patricia McKenna","Cork","Ireland","","Escargots de Bourgogne","Seafood","13.25","80","1060","Margaret Peacock"
"1996-12-05","Hungry Owl All-Night Grocers","Patricia McKenna","Cork","Ireland","","Fløtemysost","Dairy Products","21.5","50","1075","Margaret Peacock"
"1996-12-05","Wolski","Zbyszek","Walla","Poland","01-012","Gorgonzola Telino","Dairy Products","12.5","30","375","Nancy Davolio"
"1996-12-05","Wolski","Zbyszek","Walla","Poland","01-012","Escargots de Bourgogne","Seafood","13.25","15","198.75","Nancy Davolio"
"1996-12-06","Hungry Coyote Import Store","Yoshi Latimer","Elgin","USA","97827","Tofu","Produce","23.25","15","348.75","Janet Leverling"
"1996-12-06","Hungry Coyote Import Store","Yoshi Latimer","Elgin","USA","97827","Tourtière","Meat/Poultry","7.45","10","74.5","Janet Leverling"
"1996-12-09","Mère Paillarde","Jean Fresnière","Montréal","Canada","H1J 1C3","Gorgonzola Telino","Dairy Products","12.5","42","525","Nancy Davolio"
"1996-12-09","Seven Seas Imports","Hari Kumar","London","UK","OX15 4NB","Rössle Sauerkraut","Produce","45.6","20","912","Nancy Davolio"
"1996-12-09","Seven Seas Imports","Hari Kumar","London","UK","OX15 4NB","Chartreuse verte","Beverages","18","20","360","Nancy Davolio"
"1996-12-10","Folk och fä HB","Maria Larsson","Bräcke","Sweden","S-844 67","Fløtemysost","Dairy Products","21.5","6","129","Steven Buchanan"
"1996-12-11","Que Delícia","Bernardo Batista","Rio de Janeiro","Brazil","02389-673","Jack's New England Clam Chowder","Seafood","9.65","8","77.2","Andrew Fuller"
"1996-12-11","Que Delícia","Bernardo Batista","Rio de Janeiro","Brazil","02389-673","Vegie-spread","Condiments","43.9","16","702.4","Andrew Fuller"
"1996-12-11","Que Delícia","Bernardo Batista","Rio de Janeiro","Brazil","02389-673","Louisiana Fiery Hot Pepper Sauce","Condiments","21.05","20","421","Andrew Fuller"
"1996-12-12","Hungry Owl All-Night Grocers","Patricia McKenna","Cork","Ireland","","Nord-Ost Matjeshering","Seafood","25.89","18","466.02","Laura Callahan"
"1996-12-12","Hungry Owl All-Night Grocers","Patricia McKenna","Cork","Ireland","","Perth Pasties","Meat/Poultry","32.8","20","656","Laura Callahan"
"1996-12-12","Hungry Owl All-Night Grocers","Patricia McKenna","Cork","Ireland","","Camembert Pierrot","Dairy Products","34","6","204","Laura Callahan"
"1996-12-12","Hungry Owl All-Night Grocers","Patricia McKenna","Cork","Ireland","","Outback Lager","Beverages","15","30","450","Laura Callahan"
"1996-12-12","LILA-Supermercado","Carlos González","Barquisimeto","Venezuela","3508","Longlife Tofu","Produce","10","14","140","Janet Leverling"
"1996-12-13","Ernst Handel","Roland Mendel","Graz","Austria","8010","Chef Anton's Gumbo Mix","Condiments","21.35","32","683.2","Margaret Peacock"
"1996-12-13","Ernst Handel","Roland Mendel","Graz","Austria","8010","Carnarvon Tigers","Seafood","62.5","9","562.5","Margaret Peacock"
"1996-12-13","Ernst Handel","Roland Mendel","Graz","Austria","8010","Thüringer Rostbratwurst","Meat/Poultry","123.79","14","1733.0600000000002","Margaret Peacock"
"1996-12-13","Ernst Handel","Roland Mendel","Graz","Austria","8010","Geitost","Dairy Products","2.5","60","150","Margaret Peacock"
"1996-12-13","Ernst Handel","Roland Mendel","Graz","Austria","8010","Longlife Tofu","Produce","10","50","500","Margaret Peacock"
"1996-12-16","Around the Horn","Thomas Hardy","London","UK","WA1 1DP","Konbu","Seafood","6","20","120","Laura Callahan"
"1996-12-16","Around the Horn","Thomas Hardy","London","UK","WA1 1DP","Valkoinen suklaa","Confections","16.25","15","243.75","Laura Callahan"
"1996-12-16","Around the Horn","Thomas Hardy","London","UK","WA1 1DP","Gnocchi di nonna Alice","Grains/Cereals","38","20","760","Laura Callahan"
"1996-12-16","Berglunds snabbköp","Christina Berglund","Luleå","Sweden","S-958 22","Sir Rodney's Marmalade","Confections","81","28","2268","Janet Leverling"
"1996-12-16","Berglunds snabbköp","Christina Berglund","Luleå","Sweden","S-958 22","Camembert Pierrot","Dairy Products","34","15","510","Janet Leverling"
"1996-12-17","Split Rail Beer & Ale","Art Braunschweiger","Lander","USA","82520","Uncle Bob's Organic Dried Pears","Produce","30","10","300","Nancy Davolio"
"1996-12-17","Split Rail Beer & Ale","Art Braunschweiger","Lander","USA","82520","Camembert Pierrot","Dairy Products","34","20","680","Nancy Davolio"
"1996-12-17","Split Rail Beer & Ale","Art Braunschweiger","Lander","USA","82520","Scottish Longbreads","Confections","12.5","8","100","Nancy Davolio"
"1996-12-18","Familia Arquibaldo","Aria Cruz","São Paulo","Brazil","05442-030","Guaraná Fantástica","Beverages","4.5","15","67.5","Anne Dodsworth"
"1996-12-18","Familia Arquibaldo","Aria Cruz","São Paulo","Brazil","05442-030","Sasquatch Ale","Beverages","14","10","140","Anne Dodsworth"
"1996-12-18","Santé Gourmet","Jonas Bergulfsen","Stavern","Norway","4110","Guaraná Fantástica","Beverages","4.5","15","67.5","Nancy Davolio"
"1996-12-18","Santé Gourmet","Jonas Bergulfsen","Stavern","Norway","4110","Rössle Sauerkraut","Produce","45.6","6","273.6","Nancy Davolio"
"1996-12-18","Santé Gourmet","Jonas Bergulfsen","Stavern","Norway","4110","Raclette Courdavault","Dairy Products","55","12","660","Nancy Davolio"
"1996-12-18","Santé Gourmet","Jonas Bergulfsen","Stavern","Norway","4110","Fløtemysost","Dairy Products","21.5","15","322.5","Nancy Davolio"
"1996-12-19","Seven Seas Imports","Hari Kumar","London","UK","OX15 4NB","Røgede sild","Seafood","9.5","15","142.5","Andrew Fuller"
"1996-12-19","Seven Seas Imports","Hari Kumar","London","UK","OX15 4NB","Filo Mix","Grains/Cereals","7","20","140","Andrew Fuller"
"1996-12-19","Seven Seas Imports","Hari Kumar","London","UK","OX15 4NB","Perth Pasties","Meat/Poultry","32.8","40","1312","Andrew Fuller"
"1996-12-20","Bottom-Dollar Marketse","Elizabeth Lincoln","Tsawassen","Canada","T2F 8M4","Ikura","Seafood","31","16","496","Margaret Peacock"
"1996-12-20","Bottom-Dollar Marketse","Elizabeth Lincoln","Tsawassen","Canada","T2F 8M4","Pâté chinois","Meat/Poultry","24","15","360","Margaret Peacock"
"1996-12-20","Bottom-Dollar Marketse","Elizabeth Lincoln","Tsawassen","Canada","T2F 8M4","Tarte au sucre","Confections","49.3","20","986","Margaret Peacock"
"1996-12-20","Bottom-Dollar Marketse","Elizabeth Lincoln","Tsawassen","Canada","T2F 8M4","Outback Lager","Beverages","15","30","450","Margaret Peacock"
"1996-12-23","Ernst Handel","Roland Mendel","Graz","Austria","8010","Gorgonzola Telino","Dairy Products","12.5","60","750","Michael Suyama"
"1996-12-23","Ernst Handel","Roland Mendel","Graz","Austria","8010","Steeleye Stout","Beverages","18","40","720","Michael Suyama"
"1996-12-23","Ernst Handel","Roland Mendel","Graz","Austria","8010","Spegesild","Seafood","12","45","540","Michael Suyama"
"1996-12-23","Ernst Handel","Roland Mendel","Graz","Austria","8010","Mozzarella di Giovanni","Dairy Products","34.8","24","835.1999999999999","Michael Suyama"
"1996-12-23","Drachenblut Delikatessend","Sven Ottlieb","Aachen","Germany","52066","Konbu","Seafood","6","18","108","Janet Leverling"
"1996-12-24","Piccolo und mehr","Georg Pipps","Salzburg","Austria","5020","Gudbrandsdalsost","Dairy Products","36","50","1800","Andrew Fuller"
"1996-12-25","Save-a-lot Markets","Jose Pavarotti","Boise","USA","83720","Chang","Beverages","19","25","475","Nancy Davolio"
"1996-12-25","Save-a-lot Markets","Jose Pavarotti","Boise","USA","83720","Tofu","Produce","23.25","42","976.5","Nancy Davolio"
"1996-12-25","Save-a-lot Markets","Jose Pavarotti","Boise","USA","83720","NuNuCa Nuß-Nougat-Creme","Confections","14","7","98","Nancy Davolio"
"1996-12-25","Save-a-lot Markets","Jose Pavarotti","Boise","USA","83720","Gumbär Gummibärchen","Confections","31.23","70","2186.1","Nancy Davolio"
"1996-12-25","Save-a-lot Markets","Jose Pavarotti","Boise","USA","83720","Gorgonzola Telino","Dairy Products","12.5","32","400","Nancy Davolio"
"1996-12-25","Hungry Coyote Import Store","Yoshi Latimer","Elgin","USA","97827","Konbu","Seafood","6","10","60","Nancy Davolio"
"1996-12-25","Hungry Coyote Import Store","Yoshi Latimer","Elgin","USA","97827","Tarte au sucre","Confections","49.3","10","493","Nancy Davolio"
"1996-12-26","HILARIÓN-Abastos","Carlos Hernández","San Cristóbal","Venezuela","5022","Spegesild","Seafood","12","28","336","Michael Suyama"
"1996-12-26","HILARIÓN-Abastos","Carlos Hernández","San Cristóbal","Venezuela","5022","Perth Pasties","Meat/Poultry","32.8","70","2296","Michael Suyama"
"1996-12-26","HILARIÓN-Abastos","Carlos Hernández","San Cristóbal","Venezuela","5022","Gudbrandsdalsost","Dairy Products","36","8","288","Michael Suyama"
"1996-12-27","Frankenversand","Peter Franken","München","Germany","80805","Tunnbröd","Grains/Cereals","9","40","360","Nancy Davolio"
"1996-12-27","Frankenversand","Peter Franken","München","Germany","80805","Fløtemysost","Dairy Products","21.5","60","1290","Nancy Davolio"
"1996-12-27","Frankenversand","Peter Franken","München","Germany","80805","Mozzarella di Giovanni","Dairy Products","34.8","21","730.8","Nancy Davolio"
"1996-12-27","Princesa Isabel Vinhoss","Isabel de Castro","Lisboa","Portugal","1756","Sir Rodney's Scones","Confections","10","10","100","Steven Buchanan"
"1996-12-27","Princesa Isabel Vinhoss","Isabel de Castro","Lisboa","Portugal","1756","Manjimup Dried Apples","Produce","53","18","954","Steven Buchanan"
"1996-12-30","Save-a-lot Markets","Jose Pavarotti","Boise","USA","83720","Steeleye Stout","Beverages","18","30","540","Andrew Fuller"
"1996-12-30","Save-a-lot Markets","Jose Pavarotti","Boise","USA","83720","Pâté chinois","Meat/Poultry","24","120","2880","Andrew Fuller"
"1996-12-31","Vaffeljernet","Palle Ibsen","Århus","Denmark","8200","Scottish Longbreads","Confections","12.5","60","750","Laura Callahan"
"1996-12-31","Vaffeljernet","Palle Ibsen","Århus","Denmark","8200","Fløtemysost","Dairy Products","21.5","30","645","Laura Callahan"
"1996-12-31","Vaffeljernet","Palle Ibsen","Århus","Denmark","8200","Lakkalikööri","Beverages","18","35","630","Laura Callahan"
"1996-12-31","Vaffeljernet","Palle Ibsen","Århus","Denmark","8200","Original Frankfurter grüne Soße","Condiments","13","14","182","Laura Callahan"
